[
  {
    "anime_title": "Bukiyou na Senpai.",
    "projects": [
      {
        "penggarap": "Crunchyroll",
        "status": "Berjalan",
        "takarir": "Softsub",
        "catatan": "",
        "unggahan": "https://www.crunchyroll.com/series/GT00365233/my-awkward-senpai"
      }
    ]
  },
  {
    "anime_title": "Sousou no Frieren",
    "projects": [
      {
        "penggarap": "Crunchyroll",
        "status": "Selesai",
        "takarir": "Softsub",
        "catatan": "",
        "unggahan": "https://www.crunchyroll.com/series/GG5H5XQX4/frieren-beyond-journeys-end"
      }
    ]
  },
  {
    "anime_title": "Spy x Family Season 3",
    "projects": [
      {
        "penggarap": "Muse Indonesia",
        "status": "Berjalan",
        "takarir": "Hardsub",
        "catatan": "Delay 2 minggu",
        "unggahan": "https://youtube.com/playlist?list=PLPanbgyToztbu7tZq6L49MPhra92n2ixf&si=cGBwxrYXgDDYbY5d"
      }
    ]
  },
  {
    "anime_title": "Shinjiteita Nakama-tachi ni Dungeon Okuchi de Korosarekaketa ga Gift \"Mugen Gacha\" de Level 9999 no Nakama-tachi wo Te ni Irete Moto Party Member to Sekai ni Fukushuu & \"Zamaa!\" Shimasu!",
    "projects": [
      {
        "penggarap": "Muse Indonesia",
        "status": "Berjalan",
        "takarir": "Hardsub",
        "catatan": "Delay 2 minggu",
        "unggahan": "https://youtube.com/playlist?list=PLPanbgyToztYQ1iFAr2ES0i33ZvWpyeuD&si=qzjvQ40dlo2M9MEG"
      },
      {
        "penggarap": "Bstation",
        "status": "Berjalan",
        "takarir": "Softsub",
        "catatan": "",
        "unggahan": "https://www.bilibili.tv/id/media/2246246"
      }
    ]
  },
  {
    "anime_title": "Sozai Saishuka no Isekai Ryokouki",
    "projects": [
      {
        "penggarap": "Muse Indonesia",
        "status": "Berjalan",
        "takarir": "Hardsub",
        "catatan": "Khusus di YT, anime ini tayangnya delay 2 minggu jadi ada selisih 2 episode dengan yang terbaru",
        "unggahan": "https://youtube.com/playlist?list=PLPanbgyToztY5d8qXvBR5s3s5L4QMy3jU&si=eAmqR7H2l_UEqGxG"
      }
    ]
  },
  {
    "anime_title": "Nageki no Bourei wa Intai shitai Part 2",
    "projects": [
      {
        "penggarap": "Muse Indonesia",
        "status": "Berjalan",
        "takarir": "Hardsub",
        "catatan": "",
        "unggahan": "https://www.youtube.com/playlist?list=PLPanbgyToztbpiK0XFvRyNPH0_8U_4Xvu"
      }
    ]
  }
]